,Random Forest,Ridge Classifier,Logistic Regression
ALL,0.6583333333333333,0.5416666666666667,0.6083333333333334
ALL2,0.7583333333333334,0.5,0.7166666666666667
ALL3,0.8583333333333332,0.6416666666666667,0.8166666666666667
