,Random Forest,Ridge Classifier,Logistic Regression
ALL1,0.7833333333333333,0.5916666666666666,0.7166666666666666
ALL2,0.8416666666666666,0.5333333333333334,0.7333333333333334
ALL3,0.9,0.6000000000000001,0.7166666666666667
