,Random Forest,Ridge Classifier,Logistic Regression
ALL,0.7,0.375,0.5
ALL2,0.7916666666666667,0.6,0.6666666666666667
ALL3,0.775,0.5833333333333333,0.7
