,Random Forest,Ridge Classifier,Logistic Regression
ALL,0.8583333333333334,0.5916666666666667,0.775
ALL2,0.8583333333333332,0.4666666666666666,0.7083333333333333
ALL3,0.8583333333333332,0.3583333333333333,0.6833333333333333
