,Random Forest,Ridge Classifier,Logistic Regression
ALL,0.16666666666666669,0.15833333333333333,0.15
ALL2,0.2416666666666667,0.18333333333333332,0.2166666666666667
ALL3,0.058333333333333334,0.15,0.11666666666666665
