,Random Forest,Ridge Classifier,Logistic Regression
ALL,0.9083333333333334,0.6250000000000001,0.8416666666666668
ALL2,0.875,0.5583333333333333,0.8833333333333334
ALL3,0.9249999999999998,0.625,0.8916666666666668
