,Random Forest,Ridge Classifier,Logistic Regression
ALL,0.7083333333333333,0.3666666666666667,0.6666666666666667
ALL2,0.7583333333333333,0.45,0.6333333333333334
ALL3,0.7,0.375,0.5666666666666667
