,Random Forest,Ridge Classifier,Logistic Regression
ALL1,0.825,0.4499999999999999,0.6916666666666667
ALL2,0.875,0.5333333333333334,0.7916666666666667
ALL3,0.8666666666666666,0.6416666666666667,0.7666666666666667
