,Random Forest,Ridge Classifier,Logistic Regression
ALL,0.8999999999999998,0.5833333333333333,0.825
ALL2,0.9083333333333334,0.5,0.8583333333333334
ALL3,0.9333333333333333,0.625,0.85
