,Random Forest,Ridge Classifier,Logistic Regression
ALL,0.8833333333333334,0.4166666666666667,0.6833333333333333
ALL2,0.8583333333333334,0.45833333333333337,0.6000000000000001
ALL3,0.8916666666666668,0.4083333333333334,0.7666666666666667
