,Random Forest,Ridge Classifier,Logistic Regression
ALL,0.7500000000000001,0.5083333333333334,0.6333333333333332
ALL2,0.7583333333333333,0.4666666666666666,0.6333333333333333
ALL3,0.7583333333333333,0.4666666666666667,0.5916666666666667
